Metric,Value
RMSE,11534.285782468747
R2,0.14305419932715946
